observation_id,collection_run_id,supersedes,correction_reason,collected_at,provider_quote_timestamp,source_last_updated,quote_validity_text,collection_method,source_system,source_url,connector_id,connector_version,methodology_version,origin_country_iso3,origin_currency,destination_country_iso3,destination_currency,amount_sent,amount_sent_includes_fee,provider_id,provider_name_raw,provider_name_canonical,provider_type,option_id,option_name_raw,funding_method,delivery_method,amount_received,fee,fee_currency,fee_is_promotional,provider_fx_rate,benchmark_fx_rate,benchmark_source,benchmark_observation_id,speed_text,speed_hours_min,speed_hours_max,availability_status,status_detail,raw_payload_sha256,raw_payload_path,notes,rate_is_promotional,promotion_detail
1385b8c3-6b7e-48d7-afe4-9886a58b8133,backfill-nrbt-historical-20260909T230949Z-7acea919,,,2026-09-09T11:30:00+00:00,2017-10-02T00:00:00+00:00,,,published_tariff,collector,https://www.reservebank.to/data/docs/fmarkets/exrates/average_daily_exchange_rates.xlsx,benchmarks.nrbt.historical_backfill,0.1.0,0.4,NZL,NZD,TON,TOP,1.0,,nrbt,National Reserve Bank of Tonga,National Reserve Bank of Tonga,other,,,,,1.5669069257286117,,,,1.5669069257286117,,,,,,,observed,"Backfilled 2017-10-02 from NRBT's historical rates file (Round 4 backfill, reports/04-historical.md Task B). BUY 0.6554 / MID 0.6382 / SELL 0.621 NZD per 1 TOP; provider_fx_rate and amount_received are the MID rate inverted to TOP per 1 NZD (1.566907), per METHODOLOGY.md section 2.4. collected_at reflects when this project actually fetched the underlying file (2026-09-09, once); provider_quote_timestamp carries the historical date this specific rate applied to -- these are deliberately not collapsed into each other.",0bca3100bd6ac8a784b2d8f7fbace9588aaee644770905c603802fc9e06f0962,archive/nrbt/2026/09/09/0bca3100bd6ac8a784b2d8f7fbace9588aaee644770905c603802fc9e06f0962.json.gz,,false,
156fcd11-4ed3-4022-b9e9-bc753c28292a,backfill-nrbt-historical-20260909T230949Z-7acea919,,,2026-09-09T11:30:00+00:00,2017-10-02T00:00:00+00:00,,,published_tariff,collector,https://www.reservebank.to/data/docs/fmarkets/exrates/average_daily_exchange_rates.xlsx,benchmarks.nrbt.historical_backfill,0.1.0,0.4,AUS,AUD,TON,TOP,1.0,,nrbt,National Reserve Bank of Tonga,National Reserve Bank of Tonga,other,,,,,1.7053206002728512,,,,1.7053206002728512,,,,,,,observed,"Backfilled 2017-10-02 from NRBT's historical rates file (Round 4 backfill, reports/04-historical.md Task B). BUY 0.6012 / MID 0.5864 / SELL 0.5717 AUD per 1 TOP; provider_fx_rate and amount_received are the MID rate inverted to TOP per 1 AUD (1.705321), per METHODOLOGY.md section 2.4. collected_at reflects when this project actually fetched the underlying file (2026-09-09, once); provider_quote_timestamp carries the historical date this specific rate applied to -- these are deliberately not collapsed into each other.",0bca3100bd6ac8a784b2d8f7fbace9588aaee644770905c603802fc9e06f0962,archive/nrbt/2026/09/09/0bca3100bd6ac8a784b2d8f7fbace9588aaee644770905c603802fc9e06f0962.json.gz,,false,
7435abae-d21d-46da-99ca-18295b74e2e9,backfill-nrbt-historical-20260909T230949Z-7acea919,,,2026-09-09T11:30:00+00:00,2017-10-03T00:00:00+00:00,,,published_tariff,collector,https://www.reservebank.to/data/docs/fmarkets/exrates/average_daily_exchange_rates.xlsx,benchmarks.nrbt.historical_backfill,0.1.0,0.4,NZL,NZD,TON,TOP,1.0,,nrbt,National Reserve Bank of Tonga,National Reserve Bank of Tonga,other,,,,,1.563966218329684,,,,1.563966218329684,,,,,,,observed,"Backfilled 2017-10-03 from NRBT's historical rates file (Round 4 backfill, reports/04-historical.md Task B). BUY 0.6566 / MID 0.6394 / SELL 0.6222 NZD per 1 TOP; provider_fx_rate and amount_received are the MID rate inverted to TOP per 1 NZD (1.563966), per METHODOLOGY.md section 2.4. collected_at reflects when this project actually fetched the underlying file (2026-09-09, once); provider_quote_timestamp carries the historical date this specific rate applied to -- these are deliberately not collapsed into each other.",0bca3100bd6ac8a784b2d8f7fbace9588aaee644770905c603802fc9e06f0962,archive/nrbt/2026/09/09/0bca3100bd6ac8a784b2d8f7fbace9588aaee644770905c603802fc9e06f0962.json.gz,,false,
0fea7ac0-82ab-4595-a512-4d14f561ce72,backfill-nrbt-historical-20260909T230949Z-7acea919,,,2026-09-09T11:30:00+00:00,2017-10-03T00:00:00+00:00,,,published_tariff,collector,https://www.reservebank.to/data/docs/fmarkets/exrates/average_daily_exchange_rates.xlsx,benchmarks.nrbt.historical_backfill,0.1.0,0.4,AUS,AUD,TON,TOP,1.0,,nrbt,National Reserve Bank of Tonga,National Reserve Bank of Tonga,other,,,,,1.7050298380221653,,,,1.7050298380221653,,,,,,,observed,"Backfilled 2017-10-03 from NRBT's historical rates file (Round 4 backfill, reports/04-historical.md Task B). BUY 0.6013 / MID 0.5865 / SELL 0.5717 AUD per 1 TOP; provider_fx_rate and amount_received are the MID rate inverted to TOP per 1 AUD (1.705030), per METHODOLOGY.md section 2.4. collected_at reflects when this project actually fetched the underlying file (2026-09-09, once); provider_quote_timestamp carries the historical date this specific rate applied to -- these are deliberately not collapsed into each other.",0bca3100bd6ac8a784b2d8f7fbace9588aaee644770905c603802fc9e06f0962,archive/nrbt/2026/09/09/0bca3100bd6ac8a784b2d8f7fbace9588aaee644770905c603802fc9e06f0962.json.gz,,false,
87c192be-3b63-4184-88c0-572277ccf906,backfill-nrbt-historical-20260909T230949Z-7acea919,,,2026-09-09T11:30:00+00:00,2017-10-04T00:00:00+00:00,,,published_tariff,collector,https://www.reservebank.to/data/docs/fmarkets/exrates/average_daily_exchange_rates.xlsx,benchmarks.nrbt.historical_backfill,0.1.0,0.4,NZL,NZD,TON,TOP,1.0,,nrbt,National Reserve Bank of Tonga,National Reserve Bank of Tonga,other,,,,,1.5571473061351604,,,,1.5571473061351604,,,,,,,observed,"Backfilled 2017-10-04 from NRBT's historical rates file (Round 4 backfill, reports/04-historical.md Task B). BUY 0.6594 / MID 0.6422 / SELL 0.625 NZD per 1 TOP; provider_fx_rate and amount_received are the MID rate inverted to TOP per 1 NZD (1.557147), per METHODOLOGY.md section 2.4. collected_at reflects when this project actually fetched the underlying file (2026-09-09, once); provider_quote_timestamp carries the historical date this specific rate applied to -- these are deliberately not collapsed into each other.",0bca3100bd6ac8a784b2d8f7fbace9588aaee644770905c603802fc9e06f0962,archive/nrbt/2026/09/09/0bca3100bd6ac8a784b2d8f7fbace9588aaee644770905c603802fc9e06f0962.json.gz,,false,
8edb1396-3167-4863-a105-87a1eebf2c17,backfill-nrbt-historical-20260909T230949Z-7acea919,,,2026-09-09T11:30:00+00:00,2017-10-04T00:00:00+00:00,,,published_tariff,collector,https://www.reservebank.to/data/docs/fmarkets/exrates/average_daily_exchange_rates.xlsx,benchmarks.nrbt.historical_backfill,0.1.0,0.4,AUS,AUD,TON,TOP,1.0,,nrbt,National Reserve Bank of Tonga,National Reserve Bank of Tonga,other,,,,,1.7079419299743808,,,,1.7079419299743808,,,,,,,observed,"Backfilled 2017-10-04 from NRBT's historical rates file (Round 4 backfill, reports/04-historical.md Task B). BUY 0.6003 / MID 0.5855 / SELL 0.5707 AUD per 1 TOP; provider_fx_rate and amount_received are the MID rate inverted to TOP per 1 AUD (1.707942), per METHODOLOGY.md section 2.4. collected_at reflects when this project actually fetched the underlying file (2026-09-09, once); provider_quote_timestamp carries the historical date this specific rate applied to -- these are deliberately not collapsed into each other.",0bca3100bd6ac8a784b2d8f7fbace9588aaee644770905c603802fc9e06f0962,archive/nrbt/2026/09/09/0bca3100bd6ac8a784b2d8f7fbace9588aaee644770905c603802fc9e06f0962.json.gz,,false,
e0a9f383-557a-4cd5-ac81-42668972ffcc,backfill-nrbt-historical-20260909T230949Z-7acea919,,,2026-09-09T11:30:00+00:00,2017-10-05T00:00:00+00:00,,,published_tariff,collector,https://www.reservebank.to/data/docs/fmarkets/exrates/average_daily_exchange_rates.xlsx,benchmarks.nrbt.historical_backfill,0.1.0,0.4,NZL,NZD,TON,TOP,1.0,,nrbt,National Reserve Bank of Tonga,National Reserve Bank of Tonga,other,,,,,1.558117793705204,,,,1.558117793705204,,,,,,,observed,"Backfilled 2017-10-05 from NRBT's historical rates file (Round 4 backfill, reports/04-historical.md Task B). BUY 0.659 / MID 0.6418 / SELL 0.6246 NZD per 1 TOP; provider_fx_rate and amount_received are the MID rate inverted to TOP per 1 NZD (1.558118), per METHODOLOGY.md section 2.4. collected_at reflects when this project actually fetched the underlying file (2026-09-09, once); provider_quote_timestamp carries the historical date this specific rate applied to -- these are deliberately not collapsed into each other.",0bca3100bd6ac8a784b2d8f7fbace9588aaee644770905c603802fc9e06f0962,archive/nrbt/2026/09/09/0bca3100bd6ac8a784b2d8f7fbace9588aaee644770905c603802fc9e06f0962.json.gz,,false,
d046126e-7cae-41f5-8df5-eadf2ef2edec,backfill-nrbt-historical-20260909T230949Z-7acea919,,,2026-09-09T11:30:00+00:00,2017-10-05T00:00:00+00:00,,,published_tariff,collector,https://www.reservebank.to/data/docs/fmarkets/exrates/average_daily_exchange_rates.xlsx,benchmarks.nrbt.historical_backfill,0.1.0,0.4,AUS,AUD,TON,TOP,1.0,,nrbt,National Reserve Bank of Tonga,National Reserve Bank of Tonga,other,,,,,1.7123287671232879,,,,1.7123287671232879,,,,,,,observed,"Backfilled 2017-10-05 from NRBT's historical rates file (Round 4 backfill, reports/04-historical.md Task B). BUY 0.5987 / MID 0.584 / SELL 0.5692 AUD per 1 TOP; provider_fx_rate and amount_received are the MID rate inverted to TOP per 1 AUD (1.712329), per METHODOLOGY.md section 2.4. collected_at reflects when this project actually fetched the underlying file (2026-09-09, once); provider_quote_timestamp carries the historical date this specific rate applied to -- these are deliberately not collapsed into each other.",0bca3100bd6ac8a784b2d8f7fbace9588aaee644770905c603802fc9e06f0962,archive/nrbt/2026/09/09/0bca3100bd6ac8a784b2d8f7fbace9588aaee644770905c603802fc9e06f0962.json.gz,,false,
e12096e9-4f12-4704-9ee8-211bc26e898d,backfill-nrbt-historical-20260909T230949Z-7acea919,,,2026-09-09T11:30:00+00:00,2017-10-06T00:00:00+00:00,,,published_tariff,collector,https://www.reservebank.to/data/docs/fmarkets/exrates/average_daily_exchange_rates.xlsx,benchmarks.nrbt.historical_backfill,0.1.0,0.4,NZL,NZD,TON,TOP,1.0,,nrbt,National Reserve Bank of Tonga,National Reserve Bank of Tonga,other,,,,,1.560549313358302,,,,1.560549313358302,,,,,,,observed,"Backfilled 2017-10-06 from NRBT's historical rates file (Round 4 backfill, reports/04-historical.md Task B). BUY 0.658 / MID 0.6408 / SELL 0.6236 NZD per 1 TOP; provider_fx_rate and amount_received are the MID rate inverted to TOP per 1 NZD (1.560549), per METHODOLOGY.md section 2.4. collected_at reflects when this project actually fetched the underlying file (2026-09-09, once); provider_quote_timestamp carries the historical date this specific rate applied to -- these are deliberately not collapsed into each other.",0bca3100bd6ac8a784b2d8f7fbace9588aaee644770905c603802fc9e06f0962,archive/nrbt/2026/09/09/0bca3100bd6ac8a784b2d8f7fbace9588aaee644770905c603802fc9e06f0962.json.gz,,false,
86494833-dce3-48e1-9d16-636828101823,backfill-nrbt-historical-20260909T230949Z-7acea919,,,2026-09-09T11:30:00+00:00,2017-10-06T00:00:00+00:00,,,published_tariff,collector,https://www.reservebank.to/data/docs/fmarkets/exrates/average_daily_exchange_rates.xlsx,benchmarks.nrbt.historical_backfill,0.1.0,0.4,AUS,AUD,TON,TOP,1.0,,nrbt,National Reserve Bank of Tonga,National Reserve Bank of Tonga,other,,,,,1.7064846416382253,,,,1.7064846416382253,,,,,,,observed,"Backfilled 2017-10-06 from NRBT's historical rates file (Round 4 backfill, reports/04-historical.md Task B). BUY 0.6007 / MID 0.586 / SELL 0.5712 AUD per 1 TOP; provider_fx_rate and amount_received are the MID rate inverted to TOP per 1 AUD (1.706485), per METHODOLOGY.md section 2.4. collected_at reflects when this project actually fetched the underlying file (2026-09-09, once); provider_quote_timestamp carries the historical date this specific rate applied to -- these are deliberately not collapsed into each other.",0bca3100bd6ac8a784b2d8f7fbace9588aaee644770905c603802fc9e06f0962,archive/nrbt/2026/09/09/0bca3100bd6ac8a784b2d8f7fbace9588aaee644770905c603802fc9e06f0962.json.gz,,false,
8ad4591c-d888-4a09-987c-2d482848d5cb,backfill-nrbt-historical-20260909T230949Z-7acea919,,,2026-09-09T11:30:00+00:00,2017-10-09T00:00:00+00:00,,,published_tariff,collector,https://www.reservebank.to/data/docs/fmarkets/exrates/average_daily_exchange_rates.xlsx,benchmarks.nrbt.historical_backfill,0.1.0,0.4,NZL,NZD,TON,TOP,1.0,,nrbt,National Reserve Bank of Tonga,National Reserve Bank of Tonga,other,,,,,1.547269070091289,,,,1.547269070091289,,,,,,,observed,"Backfilled 2017-10-09 from NRBT's historical rates file (Round 4 backfill, reports/04-historical.md Task B). BUY 0.6635 / MID 0.6463 / SELL 0.6291 NZD per 1 TOP; provider_fx_rate and amount_received are the MID rate inverted to TOP per 1 NZD (1.547269), per METHODOLOGY.md section 2.4. collected_at reflects when this project actually fetched the underlying file (2026-09-09, once); provider_quote_timestamp carries the historical date this specific rate applied to -- these are deliberately not collapsed into each other.",0bca3100bd6ac8a784b2d8f7fbace9588aaee644770905c603802fc9e06f0962,archive/nrbt/2026/09/09/0bca3100bd6ac8a784b2d8f7fbace9588aaee644770905c603802fc9e06f0962.json.gz,,false,
67451f00-a9d2-4c4d-abf0-e8509f76ae0e,backfill-nrbt-historical-20260909T230949Z-7acea919,,,2026-09-09T11:30:00+00:00,2017-10-09T00:00:00+00:00,,,published_tariff,collector,https://www.reservebank.to/data/docs/fmarkets/exrates/average_daily_exchange_rates.xlsx,benchmarks.nrbt.historical_backfill,0.1.0,0.4,AUS,AUD,TON,TOP,1.0,,nrbt,National Reserve Bank of Tonga,National Reserve Bank of Tonga,other,,,,,1.7056114617090226,,,,1.7056114617090226,,,,,,,observed,"Backfilled 2017-10-09 from NRBT's historical rates file (Round 4 backfill, reports/04-historical.md Task B). BUY 0.601 / MID 0.5863 / SELL 0.5715 AUD per 1 TOP; provider_fx_rate and amount_received are the MID rate inverted to TOP per 1 AUD (1.705611), per METHODOLOGY.md section 2.4. collected_at reflects when this project actually fetched the underlying file (2026-09-09, once); provider_quote_timestamp carries the historical date this specific rate applied to -- these are deliberately not collapsed into each other.",0bca3100bd6ac8a784b2d8f7fbace9588aaee644770905c603802fc9e06f0962,archive/nrbt/2026/09/09/0bca3100bd6ac8a784b2d8f7fbace9588aaee644770905c603802fc9e06f0962.json.gz,,false,
516328d8-c56b-4dee-b060-0a4061dab03f,backfill-nrbt-historical-20260909T230949Z-7acea919,,,2026-09-09T11:30:00+00:00,2017-10-10T00:00:00+00:00,,,published_tariff,collector,https://www.reservebank.to/data/docs/fmarkets/exrates/average_daily_exchange_rates.xlsx,benchmarks.nrbt.historical_backfill,0.1.0,0.4,NZL,NZD,TON,TOP,1.0,,nrbt,National Reserve Bank of Tonga,National Reserve Bank of Tonga,other,,,,,1.5467904098994587,,,,1.5467904098994587,,,,,,,observed,"Backfilled 2017-10-10 from NRBT's historical rates file (Round 4 backfill, reports/04-historical.md Task B). BUY 0.6637 / MID 0.6465 / SELL 0.6293 NZD per 1 TOP; provider_fx_rate and amount_received are the MID rate inverted to TOP per 1 NZD (1.546790), per METHODOLOGY.md section 2.4. collected_at reflects when this project actually fetched the underlying file (2026-09-09, once); provider_quote_timestamp carries the historical date this specific rate applied to -- these are deliberately not collapsed into each other.",0bca3100bd6ac8a784b2d8f7fbace9588aaee644770905c603802fc9e06f0962,archive/nrbt/2026/09/09/0bca3100bd6ac8a784b2d8f7fbace9588aaee644770905c603802fc9e06f0962.json.gz,,false,
807d2708-d880-444c-bffe-4de3a3339fde,backfill-nrbt-historical-20260909T230949Z-7acea919,,,2026-09-09T11:30:00+00:00,2017-10-10T00:00:00+00:00,,,published_tariff,collector,https://www.reservebank.to/data/docs/fmarkets/exrates/average_daily_exchange_rates.xlsx,benchmarks.nrbt.historical_backfill,0.1.0,0.4,AUS,AUD,TON,TOP,1.0,,nrbt,National Reserve Bank of Tonga,National Reserve Bank of Tonga,other,,,,,1.701258931609391,,,,1.701258931609391,,,,,,,observed,"Backfilled 2017-10-10 from NRBT's historical rates file (Round 4 backfill, reports/04-historical.md Task B). BUY 0.6025 / MID 0.5878 / SELL 0.573 AUD per 1 TOP; provider_fx_rate and amount_received are the MID rate inverted to TOP per 1 AUD (1.701259), per METHODOLOGY.md section 2.4. collected_at reflects when this project actually fetched the underlying file (2026-09-09, once); provider_quote_timestamp carries the historical date this specific rate applied to -- these are deliberately not collapsed into each other.",0bca3100bd6ac8a784b2d8f7fbace9588aaee644770905c603802fc9e06f0962,archive/nrbt/2026/09/09/0bca3100bd6ac8a784b2d8f7fbace9588aaee644770905c603802fc9e06f0962.json.gz,,false,
eafbbd6b-dfa3-4760-86c4-575c364230b0,backfill-nrbt-historical-20260909T230949Z-7acea919,,,2026-09-09T11:30:00+00:00,2017-10-11T00:00:00+00:00,,,published_tariff,collector,https://www.reservebank.to/data/docs/fmarkets/exrates/average_daily_exchange_rates.xlsx,benchmarks.nrbt.historical_backfill,0.1.0,0.4,NZL,NZD,TON,TOP,1.0,,nrbt,National Reserve Bank of Tonga,National Reserve Bank of Tonga,other,,,,,1.547269070091289,,,,1.547269070091289,,,,,,,observed,"Backfilled 2017-10-11 from NRBT's historical rates file (Round 4 backfill, reports/04-historical.md Task B). BUY 0.6636 / MID 0.6463 / SELL 0.6291 NZD per 1 TOP; provider_fx_rate and amount_received are the MID rate inverted to TOP per 1 NZD (1.547269), per METHODOLOGY.md section 2.4. collected_at reflects when this project actually fetched the underlying file (2026-09-09, once); provider_quote_timestamp carries the historical date this specific rate applied to -- these are deliberately not collapsed into each other.",0bca3100bd6ac8a784b2d8f7fbace9588aaee644770905c603802fc9e06f0962,archive/nrbt/2026/09/09/0bca3100bd6ac8a784b2d8f7fbace9588aaee644770905c603802fc9e06f0962.json.gz,,false,
033b1fbd-0134-4a7b-9469-6a0a13e03e04,backfill-nrbt-historical-20260909T230949Z-7acea919,,,2026-09-09T11:30:00+00:00,2017-10-11T00:00:00+00:00,,,published_tariff,collector,https://www.reservebank.to/data/docs/fmarkets/exrates/average_daily_exchange_rates.xlsx,benchmarks.nrbt.historical_backfill,0.1.0,0.4,AUS,AUD,TON,TOP,1.0,,nrbt,National Reserve Bank of Tonga,National Reserve Bank of Tonga,other,,,,,1.7064846416382253,,,,1.7064846416382253,,,,,,,observed,"Backfilled 2017-10-11 from NRBT's historical rates file (Round 4 backfill, reports/04-historical.md Task B). BUY 0.6007 / MID 0.586 / SELL 0.5712 AUD per 1 TOP; provider_fx_rate and amount_received are the MID rate inverted to TOP per 1 AUD (1.706485), per METHODOLOGY.md section 2.4. collected_at reflects when this project actually fetched the underlying file (2026-09-09, once); provider_quote_timestamp carries the historical date this specific rate applied to -- these are deliberately not collapsed into each other.",0bca3100bd6ac8a784b2d8f7fbace9588aaee644770905c603802fc9e06f0962,archive/nrbt/2026/09/09/0bca3100bd6ac8a784b2d8f7fbace9588aaee644770905c603802fc9e06f0962.json.gz,,false,
85afd943-16a0-4d7d-bba2-7d3e40698eed,backfill-nrbt-historical-20260909T230949Z-7acea919,,,2026-09-09T11:30:00+00:00,2017-10-12T00:00:00+00:00,,,published_tariff,collector,https://www.reservebank.to/data/docs/fmarkets/exrates/average_daily_exchange_rates.xlsx,benchmarks.nrbt.historical_backfill,0.1.0,0.4,NZL,NZD,TON,TOP,1.0,,nrbt,National Reserve Bank of Tonga,National Reserve Bank of Tonga,other,,,,,1.549426712116517,,,,1.549426712116517,,,,,,,observed,"Backfilled 2017-10-12 from NRBT's historical rates file (Round 4 backfill, reports/04-historical.md Task B). BUY 0.6627 / MID 0.6454 / SELL 0.6282 NZD per 1 TOP; provider_fx_rate and amount_received are the MID rate inverted to TOP per 1 NZD (1.549427), per METHODOLOGY.md section 2.4. collected_at reflects when this project actually fetched the underlying file (2026-09-09, once); provider_quote_timestamp carries the historical date this specific rate applied to -- these are deliberately not collapsed into each other.",0bca3100bd6ac8a784b2d8f7fbace9588aaee644770905c603802fc9e06f0962,archive/nrbt/2026/09/09/0bca3100bd6ac8a784b2d8f7fbace9588aaee644770905c603802fc9e06f0962.json.gz,,false,
c1b0d280-94d5-487f-a824-95690bdc5f8b,backfill-nrbt-historical-20260909T230949Z-7acea919,,,2026-09-09T11:30:00+00:00,2017-10-12T00:00:00+00:00,,,published_tariff,collector,https://www.reservebank.to/data/docs/fmarkets/exrates/average_daily_exchange_rates.xlsx,benchmarks.nrbt.historical_backfill,0.1.0,0.4,AUS,AUD,TON,TOP,1.0,,nrbt,National Reserve Bank of Tonga,National Reserve Bank of Tonga,other,,,,,1.7073587160662456,,,,1.7073587160662456,,,,,,,observed,"Backfilled 2017-10-12 from NRBT's historical rates file (Round 4 backfill, reports/04-historical.md Task B). BUY 0.6005 / MID 0.5857 / SELL 0.5709 AUD per 1 TOP; provider_fx_rate and amount_received are the MID rate inverted to TOP per 1 AUD (1.707359), per METHODOLOGY.md section 2.4. collected_at reflects when this project actually fetched the underlying file (2026-09-09, once); provider_quote_timestamp carries the historical date this specific rate applied to -- these are deliberately not collapsed into each other.",0bca3100bd6ac8a784b2d8f7fbace9588aaee644770905c603802fc9e06f0962,archive/nrbt/2026/09/09/0bca3100bd6ac8a784b2d8f7fbace9588aaee644770905c603802fc9e06f0962.json.gz,,false,
ba9dc447-7cb2-4157-bdc5-feba8ed5818d,backfill-nrbt-historical-20260909T230949Z-7acea919,,,2026-09-09T11:30:00+00:00,2017-10-13T00:00:00+00:00,,,published_tariff,collector,https://www.reservebank.to/data/docs/fmarkets/exrates/average_daily_exchange_rates.xlsx,benchmarks.nrbt.historical_backfill,0.1.0,0.4,NZL,NZD,TON,TOP,1.0,,nrbt,National Reserve Bank of Tonga,National Reserve Bank of Tonga,other,,,,,1.555451858764971,,,,1.555451858764971,,,,,,,observed,"Backfilled 2017-10-13 from NRBT's historical rates file (Round 4 backfill, reports/04-historical.md Task B). BUY 0.6602 / MID 0.6429 / SELL 0.6257 NZD per 1 TOP; provider_fx_rate and amount_received are the MID rate inverted to TOP per 1 NZD (1.555452), per METHODOLOGY.md section 2.4. collected_at reflects when this project actually fetched the underlying file (2026-09-09, once); provider_quote_timestamp carries the historical date this specific rate applied to -- these are deliberately not collapsed into each other.",0bca3100bd6ac8a784b2d8f7fbace9588aaee644770905c603802fc9e06f0962,archive/nrbt/2026/09/09/0bca3100bd6ac8a784b2d8f7fbace9588aaee644770905c603802fc9e06f0962.json.gz,,false,
ba44d372-d23c-4cd8-a530-c098c38ea46b,backfill-nrbt-historical-20260909T230949Z-7acea919,,,2026-09-09T11:30:00+00:00,2017-10-13T00:00:00+00:00,,,published_tariff,collector,https://www.reservebank.to/data/docs/fmarkets/exrates/average_daily_exchange_rates.xlsx,benchmarks.nrbt.historical_backfill,0.1.0,0.4,AUS,AUD,TON,TOP,1.0,,nrbt,National Reserve Bank of Tonga,National Reserve Bank of Tonga,other,,,,,1.7099863201094392,,,,1.7099863201094392,,,,,,,observed,"Backfilled 2017-10-13 from NRBT's historical rates file (Round 4 backfill, reports/04-historical.md Task B). BUY 0.5995 / MID 0.5848 / SELL 0.57 AUD per 1 TOP; provider_fx_rate and amount_received are the MID rate inverted to TOP per 1 AUD (1.709986), per METHODOLOGY.md section 2.4. collected_at reflects when this project actually fetched the underlying file (2026-09-09, once); provider_quote_timestamp carries the historical date this specific rate applied to -- these are deliberately not collapsed into each other.",0bca3100bd6ac8a784b2d8f7fbace9588aaee644770905c603802fc9e06f0962,archive/nrbt/2026/09/09/0bca3100bd6ac8a784b2d8f7fbace9588aaee644770905c603802fc9e06f0962.json.gz,,false,
0a82868d-1924-49da-98d7-34f68b2cd0a0,backfill-nrbt-historical-20260909T230949Z-7acea919,,,2026-09-09T11:30:00+00:00,2017-10-16T00:00:00+00:00,,,published_tariff,collector,https://www.reservebank.to/data/docs/fmarkets/exrates/average_daily_exchange_rates.xlsx,benchmarks.nrbt.historical_backfill,0.1.0,0.4,NZL,NZD,TON,TOP,1.0,,nrbt,National Reserve Bank of Tonga,National Reserve Bank of Tonga,other,,,,,1.5612802498048401,,,,1.5612802498048401,,,,,,,observed,"Backfilled 2017-10-16 from NRBT's historical rates file (Round 4 backfill, reports/04-historical.md Task B). BUY 0.6578 / MID 0.6405 / SELL 0.6233 NZD per 1 TOP; provider_fx_rate and amount_received are the MID rate inverted to TOP per 1 NZD (1.561280), per METHODOLOGY.md section 2.4. collected_at reflects when this project actually fetched the underlying file (2026-09-09, once); provider_quote_timestamp carries the historical date this specific rate applied to -- these are deliberately not collapsed into each other.",0bca3100bd6ac8a784b2d8f7fbace9588aaee644770905c603802fc9e06f0962,archive/nrbt/2026/09/09/0bca3100bd6ac8a784b2d8f7fbace9588aaee644770905c603802fc9e06f0962.json.gz,,false,
a09a78bd-9ace-4dec-a1ac-46c5fad5b967,backfill-nrbt-historical-20260909T230949Z-7acea919,,,2026-09-09T11:30:00+00:00,2017-10-16T00:00:00+00:00,,,published_tariff,collector,https://www.reservebank.to/data/docs/fmarkets/exrates/average_daily_exchange_rates.xlsx,benchmarks.nrbt.historical_backfill,0.1.0,0.4,AUS,AUD,TON,TOP,1.0,,nrbt,National Reserve Bank of Tonga,National Reserve Bank of Tonga,other,,,,,1.7196904557179706,,,,1.7196904557179706,,,,,,,observed,"Backfilled 2017-10-16 from NRBT's historical rates file (Round 4 backfill, reports/04-historical.md Task B). BUY 0.5963 / MID 0.5815 / SELL 0.5667 AUD per 1 TOP; provider_fx_rate and amount_received are the MID rate inverted to TOP per 1 AUD (1.719690), per METHODOLOGY.md section 2.4. collected_at reflects when this project actually fetched the underlying file (2026-09-09, once); provider_quote_timestamp carries the historical date this specific rate applied to -- these are deliberately not collapsed into each other.",0bca3100bd6ac8a784b2d8f7fbace9588aaee644770905c603802fc9e06f0962,archive/nrbt/2026/09/09/0bca3100bd6ac8a784b2d8f7fbace9588aaee644770905c603802fc9e06f0962.json.gz,,false,
ed1f897e-b135-41f2-a0bc-181aed08661f,backfill-nrbt-historical-20260909T230949Z-7acea919,,,2026-09-09T11:30:00+00:00,2017-10-17T00:00:00+00:00,,,published_tariff,collector,https://www.reservebank.to/data/docs/fmarkets/exrates/average_daily_exchange_rates.xlsx,benchmarks.nrbt.historical_backfill,0.1.0,0.4,NZL,NZD,TON,TOP,1.0,,nrbt,National Reserve Bank of Tonga,National Reserve Bank of Tonga,other,,,,,1.5603058199407083,,,,1.5603058199407083,,,,,,,observed,"Backfilled 2017-10-17 from NRBT's historical rates file (Round 4 backfill, reports/04-historical.md Task B). BUY 0.6581 / MID 0.6409 / SELL 0.6237 NZD per 1 TOP; provider_fx_rate and amount_received are the MID rate inverted to TOP per 1 NZD (1.560306), per METHODOLOGY.md section 2.4. collected_at reflects when this project actually fetched the underlying file (2026-09-09, once); provider_quote_timestamp carries the historical date this specific rate applied to -- these are deliberately not collapsed into each other.",0bca3100bd6ac8a784b2d8f7fbace9588aaee644770905c603802fc9e06f0962,archive/nrbt/2026/09/09/0bca3100bd6ac8a784b2d8f7fbace9588aaee644770905c603802fc9e06f0962.json.gz,,false,
e3b334db-ef19-4672-87bf-8fd496204363,backfill-nrbt-historical-20260909T230949Z-7acea919,,,2026-09-09T11:30:00+00:00,2017-10-17T00:00:00+00:00,,,published_tariff,collector,https://www.reservebank.to/data/docs/fmarkets/exrates/average_daily_exchange_rates.xlsx,benchmarks.nrbt.historical_backfill,0.1.0,0.4,AUS,AUD,TON,TOP,1.0,,nrbt,National Reserve Bank of Tonga,National Reserve Bank of Tonga,other,,,,,1.7120356103406953,,,,1.7120356103406953,,,,,,,observed,"Backfilled 2017-10-17 from NRBT's historical rates file (Round 4 backfill, reports/04-historical.md Task B). BUY 0.5989 / MID 0.5841 / SELL 0.5693 AUD per 1 TOP; provider_fx_rate and amount_received are the MID rate inverted to TOP per 1 AUD (1.712036), per METHODOLOGY.md section 2.4. collected_at reflects when this project actually fetched the underlying file (2026-09-09, once); provider_quote_timestamp carries the historical date this specific rate applied to -- these are deliberately not collapsed into each other.",0bca3100bd6ac8a784b2d8f7fbace9588aaee644770905c603802fc9e06f0962,archive/nrbt/2026/09/09/0bca3100bd6ac8a784b2d8f7fbace9588aaee644770905c603802fc9e06f0962.json.gz,,false,
7ac4814e-e12a-408e-afeb-aa4a72f526b3,backfill-nrbt-historical-20260909T230949Z-7acea919,,,2026-09-09T11:30:00+00:00,2017-10-18T00:00:00+00:00,,,published_tariff,collector,https://www.reservebank.to/data/docs/fmarkets/exrates/average_daily_exchange_rates.xlsx,benchmarks.nrbt.historical_backfill,0.1.0,0.4,NZL,NZD,TON,TOP,1.0,,nrbt,National Reserve Bank of Tonga,National Reserve Bank of Tonga,other,,,,,1.5600624024960998,,,,1.5600624024960998,,,,,,,observed,"Backfilled 2017-10-18 from NRBT's historical rates file (Round 4 backfill, reports/04-historical.md Task B). BUY 0.6582 / MID 0.641 / SELL 0.6238 NZD per 1 TOP; provider_fx_rate and amount_received are the MID rate inverted to TOP per 1 NZD (1.560062), per METHODOLOGY.md section 2.4. collected_at reflects when this project actually fetched the underlying file (2026-09-09, once); provider_quote_timestamp carries the historical date this specific rate applied to -- these are deliberately not collapsed into each other.",0bca3100bd6ac8a784b2d8f7fbace9588aaee644770905c603802fc9e06f0962,archive/nrbt/2026/09/09/0bca3100bd6ac8a784b2d8f7fbace9588aaee644770905c603802fc9e06f0962.json.gz,,false,
33c5c42b-25b5-4ea5-9d2e-0ff6fefeefc6,backfill-nrbt-historical-20260909T230949Z-7acea919,,,2026-09-09T11:30:00+00:00,2017-10-18T00:00:00+00:00,,,published_tariff,collector,https://www.reservebank.to/data/docs/fmarkets/exrates/average_daily_exchange_rates.xlsx,benchmarks.nrbt.historical_backfill,0.1.0,0.4,AUS,AUD,TON,TOP,1.0,,nrbt,National Reserve Bank of Tonga,National Reserve Bank of Tonga,other,,,,,1.7114495978093445,,,,1.7114495978093445,,,,,,,observed,"Backfilled 2017-10-18 from NRBT's historical rates file (Round 4 backfill, reports/04-historical.md Task B). BUY 0.5991 / MID 0.5843 / SELL 0.5695 AUD per 1 TOP; provider_fx_rate and amount_received are the MID rate inverted to TOP per 1 AUD (1.711450), per METHODOLOGY.md section 2.4. collected_at reflects when this project actually fetched the underlying file (2026-09-09, once); provider_quote_timestamp carries the historical date this specific rate applied to -- these are deliberately not collapsed into each other.",0bca3100bd6ac8a784b2d8f7fbace9588aaee644770905c603802fc9e06f0962,archive/nrbt/2026/09/09/0bca3100bd6ac8a784b2d8f7fbace9588aaee644770905c603802fc9e06f0962.json.gz,,false,
f63c5d4d-4dec-4f88-a994-d092e287f3cd,backfill-nrbt-historical-20260909T230949Z-7acea919,,,2026-09-09T11:30:00+00:00,2017-10-19T00:00:00+00:00,,,published_tariff,collector,https://www.reservebank.to/data/docs/fmarkets/exrates/average_daily_exchange_rates.xlsx,benchmarks.nrbt.historical_backfill,0.1.0,0.4,NZL,NZD,TON,TOP,1.0,,nrbt,National Reserve Bank of Tonga,National Reserve Bank of Tonga,other,,,,,1.5583606046439145,,,,1.5583606046439145,,,,,,,observed,"Backfilled 2017-10-19 from NRBT's historical rates file (Round 4 backfill, reports/04-historical.md Task B). BUY 0.6589 / MID 0.6417 / SELL 0.6245 NZD per 1 TOP; provider_fx_rate and amount_received are the MID rate inverted to TOP per 1 NZD (1.558361), per METHODOLOGY.md section 2.4. collected_at reflects when this project actually fetched the underlying file (2026-09-09, once); provider_quote_timestamp carries the historical date this specific rate applied to -- these are deliberately not collapsed into each other.",0bca3100bd6ac8a784b2d8f7fbace9588aaee644770905c603802fc9e06f0962,archive/nrbt/2026/09/09/0bca3100bd6ac8a784b2d8f7fbace9588aaee644770905c603802fc9e06f0962.json.gz,,false,
1de69c64-75d2-42b3-9c5f-e370dcbaa13a,backfill-nrbt-historical-20260909T230949Z-7acea919,,,2026-09-09T11:30:00+00:00,2017-10-19T00:00:00+00:00,,,published_tariff,collector,https://www.reservebank.to/data/docs/fmarkets/exrates/average_daily_exchange_rates.xlsx,benchmarks.nrbt.historical_backfill,0.1.0,0.4,AUS,AUD,TON,TOP,1.0,,nrbt,National Reserve Bank of Tonga,National Reserve Bank of Tonga,other,,,,,1.7143836790673752,,,,1.7143836790673752,,,,,,,observed,"Backfilled 2017-10-19 from NRBT's historical rates file (Round 4 backfill, reports/04-historical.md Task B). BUY 0.5981 / MID 0.5833 / SELL 0.5686 AUD per 1 TOP; provider_fx_rate and amount_received are the MID rate inverted to TOP per 1 AUD (1.714384), per METHODOLOGY.md section 2.4. collected_at reflects when this project actually fetched the underlying file (2026-09-09, once); provider_quote_timestamp carries the historical date this specific rate applied to -- these are deliberately not collapsed into each other.",0bca3100bd6ac8a784b2d8f7fbace9588aaee644770905c603802fc9e06f0962,archive/nrbt/2026/09/09/0bca3100bd6ac8a784b2d8f7fbace9588aaee644770905c603802fc9e06f0962.json.gz,,false,
e480b3da-e94d-44bf-aa9c-f1b7867c5b1d,backfill-nrbt-historical-20260909T230949Z-7acea919,,,2026-09-09T11:30:00+00:00,2017-10-20T00:00:00+00:00,,,published_tariff,collector,https://www.reservebank.to/data/docs/fmarkets/exrates/average_daily_exchange_rates.xlsx,benchmarks.nrbt.historical_backfill,0.1.0,0.4,NZL,NZD,TON,TOP,1.0,,nrbt,National Reserve Bank of Tonga,National Reserve Bank of Tonga,other,,,,,1.5384615384615383,,,,1.5384615384615383,,,,,,,observed,"Backfilled 2017-10-20 from NRBT's historical rates file (Round 4 backfill, reports/04-historical.md Task B). BUY 0.6672 / MID 0.65 / SELL 0.6328 NZD per 1 TOP; provider_fx_rate and amount_received are the MID rate inverted to TOP per 1 NZD (1.538462), per METHODOLOGY.md section 2.4. collected_at reflects when this project actually fetched the underlying file (2026-09-09, once); provider_quote_timestamp carries the historical date this specific rate applied to -- these are deliberately not collapsed into each other.",0bca3100bd6ac8a784b2d8f7fbace9588aaee644770905c603802fc9e06f0962,archive/nrbt/2026/09/09/0bca3100bd6ac8a784b2d8f7fbace9588aaee644770905c603802fc9e06f0962.json.gz,,false,
57c101ef-57e9-4d40-bc25-fa3cc1836f00,backfill-nrbt-historical-20260909T230949Z-7acea919,,,2026-09-09T11:30:00+00:00,2017-10-20T00:00:00+00:00,,,published_tariff,collector,https://www.reservebank.to/data/docs/fmarkets/exrates/average_daily_exchange_rates.xlsx,benchmarks.nrbt.historical_backfill,0.1.0,0.4,AUS,AUD,TON,TOP,1.0,,nrbt,National Reserve Bank of Tonga,National Reserve Bank of Tonga,other,,,,,1.7289073305670815,,,,1.7289073305670815,,,,,,,observed,"Backfilled 2017-10-20 from NRBT's historical rates file (Round 4 backfill, reports/04-historical.md Task B). BUY 0.5932 / MID 0.5784 / SELL 0.5636 AUD per 1 TOP; provider_fx_rate and amount_received are the MID rate inverted to TOP per 1 AUD (1.728907), per METHODOLOGY.md section 2.4. collected_at reflects when this project actually fetched the underlying file (2026-09-09, once); provider_quote_timestamp carries the historical date this specific rate applied to -- these are deliberately not collapsed into each other.",0bca3100bd6ac8a784b2d8f7fbace9588aaee644770905c603802fc9e06f0962,archive/nrbt/2026/09/09/0bca3100bd6ac8a784b2d8f7fbace9588aaee644770905c603802fc9e06f0962.json.gz,,false,
edca0770-3c4e-4d7c-959d-18ade7941958,backfill-nrbt-historical-20260909T230949Z-7acea919,,,2026-09-09T11:30:00+00:00,2017-10-23T00:00:00+00:00,,,published_tariff,collector,https://www.reservebank.to/data/docs/fmarkets/exrates/average_daily_exchange_rates.xlsx,benchmarks.nrbt.historical_backfill,0.1.0,0.4,NZL,NZD,TON,TOP,1.0,,nrbt,National Reserve Bank of Tonga,National Reserve Bank of Tonga,other,,,,,1.5309246785058175,,,,1.5309246785058175,,,,,,,observed,"Backfilled 2017-10-23 from NRBT's historical rates file (Round 4 backfill, reports/04-historical.md Task B). BUY 0.6704 / MID 0.6532 / SELL 0.636 NZD per 1 TOP; provider_fx_rate and amount_received are the MID rate inverted to TOP per 1 NZD (1.530925), per METHODOLOGY.md section 2.4. collected_at reflects when this project actually fetched the underlying file (2026-09-09, once); provider_quote_timestamp carries the historical date this specific rate applied to -- these are deliberately not collapsed into each other.",0bca3100bd6ac8a784b2d8f7fbace9588aaee644770905c603802fc9e06f0962,archive/nrbt/2026/09/09/0bca3100bd6ac8a784b2d8f7fbace9588aaee644770905c603802fc9e06f0962.json.gz,,false,
fd1c89e7-ad4f-4c05-b688-97f736d1d934,backfill-nrbt-historical-20260909T230949Z-7acea919,,,2026-09-09T11:30:00+00:00,2017-10-23T00:00:00+00:00,,,published_tariff,collector,https://www.reservebank.to/data/docs/fmarkets/exrates/average_daily_exchange_rates.xlsx,benchmarks.nrbt.historical_backfill,0.1.0,0.4,AUS,AUD,TON,TOP,1.0,,nrbt,National Reserve Bank of Tonga,National Reserve Bank of Tonga,other,,,,,1.7250301880282906,,,,1.7250301880282906,,,,,,,observed,"Backfilled 2017-10-23 from NRBT's historical rates file (Round 4 backfill, reports/04-historical.md Task B). BUY 0.5945 / MID 0.5797 / SELL 0.5649 AUD per 1 TOP; provider_fx_rate and amount_received are the MID rate inverted to TOP per 1 AUD (1.725030), per METHODOLOGY.md section 2.4. collected_at reflects when this project actually fetched the underlying file (2026-09-09, once); provider_quote_timestamp carries the historical date this specific rate applied to -- these are deliberately not collapsed into each other.",0bca3100bd6ac8a784b2d8f7fbace9588aaee644770905c603802fc9e06f0962,archive/nrbt/2026/09/09/0bca3100bd6ac8a784b2d8f7fbace9588aaee644770905c603802fc9e06f0962.json.gz,,false,
e8eaf8e4-401c-4844-9b77-ffcf63b34f11,backfill-nrbt-historical-20260909T230949Z-7acea919,,,2026-09-09T11:30:00+00:00,2017-10-24T00:00:00+00:00,,,published_tariff,collector,https://www.reservebank.to/data/docs/fmarkets/exrates/average_daily_exchange_rates.xlsx,benchmarks.nrbt.historical_backfill,0.1.0,0.4,NZL,NZD,TON,TOP,1.0,,nrbt,National Reserve Bank of Tonga,National Reserve Bank of Tonga,other,,,,,1.5332720024532351,,,,1.5332720024532351,,,,,,,observed,"Backfilled 2017-10-24 from NRBT's historical rates file (Round 4 backfill, reports/04-historical.md Task B). BUY 0.6694 / MID 0.6522 / SELL 0.635 NZD per 1 TOP; provider_fx_rate and amount_received are the MID rate inverted to TOP per 1 NZD (1.533272), per METHODOLOGY.md section 2.4. collected_at reflects when this project actually fetched the underlying file (2026-09-09, once); provider_quote_timestamp carries the historical date this specific rate applied to -- these are deliberately not collapsed into each other.",0bca3100bd6ac8a784b2d8f7fbace9588aaee644770905c603802fc9e06f0962,archive/nrbt/2026/09/09/0bca3100bd6ac8a784b2d8f7fbace9588aaee644770905c603802fc9e06f0962.json.gz,,false,
24310ac8-7cf3-4ff4-ac26-e8d12e561a93,backfill-nrbt-historical-20260909T230949Z-7acea919,,,2026-09-09T11:30:00+00:00,2017-10-24T00:00:00+00:00,,,published_tariff,collector,https://www.reservebank.to/data/docs/fmarkets/exrates/average_daily_exchange_rates.xlsx,benchmarks.nrbt.historical_backfill,0.1.0,0.4,AUS,AUD,TON,TOP,1.0,,nrbt,National Reserve Bank of Tonga,National Reserve Bank of Tonga,other,,,,,1.7220595832615808,,,,1.7220595832615808,,,,,,,observed,"Backfilled 2017-10-24 from NRBT's historical rates file (Round 4 backfill, reports/04-historical.md Task B). BUY 0.5955 / MID 0.5807 / SELL 0.566 AUD per 1 TOP; provider_fx_rate and amount_received are the MID rate inverted to TOP per 1 AUD (1.722060), per METHODOLOGY.md section 2.4. collected_at reflects when this project actually fetched the underlying file (2026-09-09, once); provider_quote_timestamp carries the historical date this specific rate applied to -- these are deliberately not collapsed into each other.",0bca3100bd6ac8a784b2d8f7fbace9588aaee644770905c603802fc9e06f0962,archive/nrbt/2026/09/09/0bca3100bd6ac8a784b2d8f7fbace9588aaee644770905c603802fc9e06f0962.json.gz,,false,
080f1c07-1591-44ea-9c10-52288755e623,backfill-nrbt-historical-20260909T230949Z-7acea919,,,2026-09-09T11:30:00+00:00,2017-10-25T00:00:00+00:00,,,published_tariff,collector,https://www.reservebank.to/data/docs/fmarkets/exrates/average_daily_exchange_rates.xlsx,benchmarks.nrbt.historical_backfill,0.1.0,0.4,NZL,NZD,TON,TOP,1.0,,nrbt,National Reserve Bank of Tonga,National Reserve Bank of Tonga,other,,,,,1.5250876925423213,,,,1.5250876925423213,,,,,,,observed,"Backfilled 2017-10-25 from NRBT's historical rates file (Round 4 backfill, reports/04-historical.md Task B). BUY 0.6729 / MID 0.6557 / SELL 0.6385 NZD per 1 TOP; provider_fx_rate and amount_received are the MID rate inverted to TOP per 1 NZD (1.525088), per METHODOLOGY.md section 2.4. collected_at reflects when this project actually fetched the underlying file (2026-09-09, once); provider_quote_timestamp carries the historical date this specific rate applied to -- these are deliberately not collapsed into each other.",0bca3100bd6ac8a784b2d8f7fbace9588aaee644770905c603802fc9e06f0962,archive/nrbt/2026/09/09/0bca3100bd6ac8a784b2d8f7fbace9588aaee644770905c603802fc9e06f0962.json.gz,,false,
8cd5aede-4a7c-42f1-baa7-49f53377d5ff,backfill-nrbt-historical-20260909T230949Z-7acea919,,,2026-09-09T11:30:00+00:00,2017-10-25T00:00:00+00:00,,,published_tariff,collector,https://www.reservebank.to/data/docs/fmarkets/exrates/average_daily_exchange_rates.xlsx,benchmarks.nrbt.historical_backfill,0.1.0,0.4,AUS,AUD,TON,TOP,1.0,,nrbt,National Reserve Bank of Tonga,National Reserve Bank of Tonga,other,,,,,1.7241379310344829,,,,1.7241379310344829,,,,,,,observed,"Backfilled 2017-10-25 from NRBT's historical rates file (Round 4 backfill, reports/04-historical.md Task B). BUY 0.5948 / MID 0.58 / SELL 0.5652 AUD per 1 TOP; provider_fx_rate and amount_received are the MID rate inverted to TOP per 1 AUD (1.724138), per METHODOLOGY.md section 2.4. collected_at reflects when this project actually fetched the underlying file (2026-09-09, once); provider_quote_timestamp carries the historical date this specific rate applied to -- these are deliberately not collapsed into each other.",0bca3100bd6ac8a784b2d8f7fbace9588aaee644770905c603802fc9e06f0962,archive/nrbt/2026/09/09/0bca3100bd6ac8a784b2d8f7fbace9588aaee644770905c603802fc9e06f0962.json.gz,,false,
6b5681b3-0d36-4164-840c-7df43ed3f72e,backfill-nrbt-historical-20260909T230949Z-7acea919,,,2026-09-09T11:30:00+00:00,2017-10-26T00:00:00+00:00,,,published_tariff,collector,https://www.reservebank.to/data/docs/fmarkets/exrates/average_daily_exchange_rates.xlsx,benchmarks.nrbt.historical_backfill,0.1.0,0.4,NZL,NZD,TON,TOP,1.0,,nrbt,National Reserve Bank of Tonga,National Reserve Bank of Tonga,other,,,,,1.5257857796765335,,,,1.5257857796765335,,,,,,,observed,"Backfilled 2017-10-26 from NRBT's historical rates file (Round 4 backfill, reports/04-historical.md Task B). BUY 0.6726 / MID 0.6554 / SELL 0.6381 NZD per 1 TOP; provider_fx_rate and amount_received are the MID rate inverted to TOP per 1 NZD (1.525786), per METHODOLOGY.md section 2.4. collected_at reflects when this project actually fetched the underlying file (2026-09-09, once); provider_quote_timestamp carries the historical date this specific rate applied to -- these are deliberately not collapsed into each other.",0bca3100bd6ac8a784b2d8f7fbace9588aaee644770905c603802fc9e06f0962,archive/nrbt/2026/09/09/0bca3100bd6ac8a784b2d8f7fbace9588aaee644770905c603802fc9e06f0962.json.gz,,false,
bbbfedb7-4d96-43f4-ac57-b8fadc87a72e,backfill-nrbt-historical-20260909T230949Z-7acea919,,,2026-09-09T11:30:00+00:00,2017-10-26T00:00:00+00:00,,,published_tariff,collector,https://www.reservebank.to/data/docs/fmarkets/exrates/average_daily_exchange_rates.xlsx,benchmarks.nrbt.historical_backfill,0.1.0,0.4,AUS,AUD,TON,TOP,1.0,,nrbt,National Reserve Bank of Tonga,National Reserve Bank of Tonga,other,,,,,1.7126220243192327,,,,1.7126220243192327,,,,,,,observed,"Backfilled 2017-10-26 from NRBT's historical rates file (Round 4 backfill, reports/04-historical.md Task B). BUY 0.5987 / MID 0.5839 / SELL 0.5691 AUD per 1 TOP; provider_fx_rate and amount_received are the MID rate inverted to TOP per 1 AUD (1.712622), per METHODOLOGY.md section 2.4. collected_at reflects when this project actually fetched the underlying file (2026-09-09, once); provider_quote_timestamp carries the historical date this specific rate applied to -- these are deliberately not collapsed into each other.",0bca3100bd6ac8a784b2d8f7fbace9588aaee644770905c603802fc9e06f0962,archive/nrbt/2026/09/09/0bca3100bd6ac8a784b2d8f7fbace9588aaee644770905c603802fc9e06f0962.json.gz,,false,
07683a45-e2da-41c5-a2f0-d0bf7433d78f,backfill-nrbt-historical-20260909T230949Z-7acea919,,,2026-09-09T11:30:00+00:00,2017-10-27T00:00:00+00:00,,,published_tariff,collector,https://www.reservebank.to/data/docs/fmarkets/exrates/average_daily_exchange_rates.xlsx,benchmarks.nrbt.historical_backfill,0.1.0,0.4,NZL,NZD,TON,TOP,1.0,,nrbt,National Reserve Bank of Tonga,National Reserve Bank of Tonga,other,,,,,1.5209125475285172,,,,1.5209125475285172,,,,,,,observed,"Backfilled 2017-10-27 from NRBT's historical rates file (Round 4 backfill, reports/04-historical.md Task B). BUY 0.6747 / MID 0.6575 / SELL 0.6403 NZD per 1 TOP; provider_fx_rate and amount_received are the MID rate inverted to TOP per 1 NZD (1.520913), per METHODOLOGY.md section 2.4. collected_at reflects when this project actually fetched the underlying file (2026-09-09, once); provider_quote_timestamp carries the historical date this specific rate applied to -- these are deliberately not collapsed into each other.",0bca3100bd6ac8a784b2d8f7fbace9588aaee644770905c603802fc9e06f0962,archive/nrbt/2026/09/09/0bca3100bd6ac8a784b2d8f7fbace9588aaee644770905c603802fc9e06f0962.json.gz,,false,
847b1823-7697-4f3a-8a64-606394764949,backfill-nrbt-historical-20260909T230949Z-7acea919,,,2026-09-09T11:30:00+00:00,2017-10-27T00:00:00+00:00,,,published_tariff,collector,https://www.reservebank.to/data/docs/fmarkets/exrates/average_daily_exchange_rates.xlsx,benchmarks.nrbt.historical_backfill,0.1.0,0.4,AUS,AUD,TON,TOP,1.0,,nrbt,National Reserve Bank of Tonga,National Reserve Bank of Tonga,other,,,,,1.7076502732240437,,,,1.7076502732240437,,,,,,,observed,"Backfilled 2017-10-27 from NRBT's historical rates file (Round 4 backfill, reports/04-historical.md Task B). BUY 0.6004 / MID 0.5856 / SELL 0.5708 AUD per 1 TOP; provider_fx_rate and amount_received are the MID rate inverted to TOP per 1 AUD (1.707650), per METHODOLOGY.md section 2.4. collected_at reflects when this project actually fetched the underlying file (2026-09-09, once); provider_quote_timestamp carries the historical date this specific rate applied to -- these are deliberately not collapsed into each other.",0bca3100bd6ac8a784b2d8f7fbace9588aaee644770905c603802fc9e06f0962,archive/nrbt/2026/09/09/0bca3100bd6ac8a784b2d8f7fbace9588aaee644770905c603802fc9e06f0962.json.gz,,false,
5e63a5ff-a759-413f-b9b1-72998fdde950,backfill-nrbt-historical-20260909T230949Z-7acea919,,,2026-09-09T11:30:00+00:00,2017-10-30T00:00:00+00:00,,,published_tariff,collector,https://www.reservebank.to/data/docs/fmarkets/exrates/average_daily_exchange_rates.xlsx,benchmarks.nrbt.historical_backfill,0.1.0,0.4,NZL,NZD,TON,TOP,1.0,,nrbt,National Reserve Bank of Tonga,National Reserve Bank of Tonga,other,,,,,1.5271838729383016,,,,1.5271838729383016,,,,,,,observed,"Backfilled 2017-10-30 from NRBT's historical rates file (Round 4 backfill, reports/04-historical.md Task B). BUY 0.6721 / MID 0.6548 / SELL 0.6376 NZD per 1 TOP; provider_fx_rate and amount_received are the MID rate inverted to TOP per 1 NZD (1.527184), per METHODOLOGY.md section 2.4. collected_at reflects when this project actually fetched the underlying file (2026-09-09, once); provider_quote_timestamp carries the historical date this specific rate applied to -- these are deliberately not collapsed into each other.",0bca3100bd6ac8a784b2d8f7fbace9588aaee644770905c603802fc9e06f0962,archive/nrbt/2026/09/09/0bca3100bd6ac8a784b2d8f7fbace9588aaee644770905c603802fc9e06f0962.json.gz,,false,
b5ffc691-4e72-4c19-a974-d2529350269d,backfill-nrbt-historical-20260909T230949Z-7acea919,,,2026-09-09T11:30:00+00:00,2017-10-30T00:00:00+00:00,,,published_tariff,collector,https://www.reservebank.to/data/docs/fmarkets/exrates/average_daily_exchange_rates.xlsx,benchmarks.nrbt.historical_backfill,0.1.0,0.4,AUS,AUD,TON,TOP,1.0,,nrbt,National Reserve Bank of Tonga,National Reserve Bank of Tonga,other,,,,,1.7088174982911823,,,,1.7088174982911823,,,,,,,observed,"Backfilled 2017-10-30 from NRBT's historical rates file (Round 4 backfill, reports/04-historical.md Task B). BUY 0.6 / MID 0.5852 / SELL 0.5705 AUD per 1 TOP; provider_fx_rate and amount_received are the MID rate inverted to TOP per 1 AUD (1.708817), per METHODOLOGY.md section 2.4. collected_at reflects when this project actually fetched the underlying file (2026-09-09, once); provider_quote_timestamp carries the historical date this specific rate applied to -- these are deliberately not collapsed into each other.",0bca3100bd6ac8a784b2d8f7fbace9588aaee644770905c603802fc9e06f0962,archive/nrbt/2026/09/09/0bca3100bd6ac8a784b2d8f7fbace9588aaee644770905c603802fc9e06f0962.json.gz,,false,
b141abf6-6f3c-4d24-9728-96e1fb6d88a9,backfill-nrbt-historical-20260909T230949Z-7acea919,,,2026-09-09T11:30:00+00:00,2017-10-31T00:00:00+00:00,,,published_tariff,collector,https://www.reservebank.to/data/docs/fmarkets/exrates/average_daily_exchange_rates.xlsx,benchmarks.nrbt.historical_backfill,0.1.0,0.4,NZL,NZD,TON,TOP,1.0,,nrbt,National Reserve Bank of Tonga,National Reserve Bank of Tonga,other,,,,,1.5274171376202843,,,,1.5274171376202843,,,,,,,observed,"Backfilled 2017-10-31 from NRBT's historical rates file (Round 4 backfill, reports/04-historical.md Task B). BUY 0.6719 / MID 0.6547 / SELL 0.6375 NZD per 1 TOP; provider_fx_rate and amount_received are the MID rate inverted to TOP per 1 NZD (1.527417), per METHODOLOGY.md section 2.4. collected_at reflects when this project actually fetched the underlying file (2026-09-09, once); provider_quote_timestamp carries the historical date this specific rate applied to -- these are deliberately not collapsed into each other.",0bca3100bd6ac8a784b2d8f7fbace9588aaee644770905c603802fc9e06f0962,archive/nrbt/2026/09/09/0bca3100bd6ac8a784b2d8f7fbace9588aaee644770905c603802fc9e06f0962.json.gz,,false,
50c3f328-51d5-4070-8636-24aa4461d959,backfill-nrbt-historical-20260909T230949Z-7acea919,,,2026-09-09T11:30:00+00:00,2017-10-31T00:00:00+00:00,,,published_tariff,collector,https://www.reservebank.to/data/docs/fmarkets/exrates/average_daily_exchange_rates.xlsx,benchmarks.nrbt.historical_backfill,0.1.0,0.4,AUS,AUD,TON,TOP,1.0,,nrbt,National Reserve Bank of Tonga,National Reserve Bank of Tonga,other,,,,,1.7108639863130881,,,,1.7108639863130881,,,,,,,observed,"Backfilled 2017-10-31 from NRBT's historical rates file (Round 4 backfill, reports/04-historical.md Task B). BUY 0.5992 / MID 0.5845 / SELL 0.5697 AUD per 1 TOP; provider_fx_rate and amount_received are the MID rate inverted to TOP per 1 AUD (1.710864), per METHODOLOGY.md section 2.4. collected_at reflects when this project actually fetched the underlying file (2026-09-09, once); provider_quote_timestamp carries the historical date this specific rate applied to -- these are deliberately not collapsed into each other.",0bca3100bd6ac8a784b2d8f7fbace9588aaee644770905c603802fc9e06f0962,archive/nrbt/2026/09/09/0bca3100bd6ac8a784b2d8f7fbace9588aaee644770905c603802fc9e06f0962.json.gz,,false,
